<?xml version="1.0" encoding="UTF-8"?>
<root>
  <item name="com.paytabs.paytabscardrecognizer.cards.pay.paycardsrecognizer.sdk.ndk.DisplayConfiguration int getNativeDisplayRotation()">
    <annotation name="androidx.annotation.IntDef">
      <val name="value" val="{com.paytabs.paytabscardrecognizer.cards.pay.paycardsrecognizer.sdk.ndk.RecognitionConstants.WORK_AREA_ORIENTATION_UNKNOWN, com.paytabs.paytabscardrecognizer.cards.pay.paycardsrecognizer.sdk.ndk.RecognitionConstants.WORK_AREA_ORIENTATION_PORTAIT, com.paytabs.paytabscardrecognizer.cards.pay.paycardsrecognizer.sdk.ndk.RecognitionConstants.WORK_AREA_ORIENTATION_PORTAIT_UPSIDE_DOWN, com.paytabs.paytabscardrecognizer.cards.pay.paycardsrecognizer.sdk.ndk.RecognitionConstants.WORK_AREA_ORIENTATION_LANDSCAPE_RIGHT, com.paytabs.paytabscardrecognizer.cards.pay.paycardsrecognizer.sdk.ndk.RecognitionConstants.WORK_AREA_ORIENTATION_LANDSCAPE_LEFT}" />
    </annotation>
  </item>
  <item name="com.paytabs.paytabscardrecognizer.cards.pay.paycardsrecognizer.sdk.ndk.DisplayConfigurationImpl int getNativeDisplayRotation()">
    <annotation name="androidx.annotation.IntDef">
      <val name="value" val="{com.paytabs.paytabscardrecognizer.cards.pay.paycardsrecognizer.sdk.ndk.RecognitionConstants.WORK_AREA_ORIENTATION_UNKNOWN, com.paytabs.paytabscardrecognizer.cards.pay.paycardsrecognizer.sdk.ndk.RecognitionConstants.WORK_AREA_ORIENTATION_PORTAIT, com.paytabs.paytabscardrecognizer.cards.pay.paycardsrecognizer.sdk.ndk.RecognitionConstants.WORK_AREA_ORIENTATION_PORTAIT_UPSIDE_DOWN, com.paytabs.paytabscardrecognizer.cards.pay.paycardsrecognizer.sdk.ndk.RecognitionConstants.WORK_AREA_ORIENTATION_LANDSCAPE_RIGHT, com.paytabs.paytabscardrecognizer.cards.pay.paycardsrecognizer.sdk.ndk.RecognitionConstants.WORK_AREA_ORIENTATION_LANDSCAPE_LEFT}" />
    </annotation>
  </item>
  <item name="com.paytabs.paytabscardrecognizer.cards.pay.paycardsrecognizer.sdk.ndk.RecognitionConstants.DetectedBorderFlags">
    <annotation name="androidx.annotation.IntDef">
      <val name="flag" val="true" />
      <val name="value" val="{com.paytabs.paytabscardrecognizer.cards.pay.paycardsrecognizer.sdk.ndk.RecognitionConstants.DETECTED_BORDER_TOP, com.paytabs.paytabscardrecognizer.cards.pay.paycardsrecognizer.sdk.ndk.RecognitionConstants.DETECTED_BORDER_BOTTOM, com.paytabs.paytabscardrecognizer.cards.pay.paycardsrecognizer.sdk.ndk.RecognitionConstants.DETECTED_BORDER_LEFT, com.paytabs.paytabscardrecognizer.cards.pay.paycardsrecognizer.sdk.ndk.RecognitionConstants.DETECTED_BORDER_RIGHT}" />
    </annotation>
  </item>
  <item name="com.paytabs.paytabscardrecognizer.cards.pay.paycardsrecognizer.sdk.ndk.RecognitionConstants.RecognitionMode">
    <annotation name="androidx.annotation.IntDef">
      <val name="flag" val="true" />
      <val name="value" val="{com.paytabs.paytabscardrecognizer.cards.pay.paycardsrecognizer.sdk.ndk.RecognitionConstants.RECOGNIZER_MODE_NUMBER, com.paytabs.paytabscardrecognizer.cards.pay.paycardsrecognizer.sdk.ndk.RecognitionConstants.RECOGNIZER_MODE_DATE, com.paytabs.paytabscardrecognizer.cards.pay.paycardsrecognizer.sdk.ndk.RecognitionConstants.RECOGNIZER_MODE_NAME, com.paytabs.paytabscardrecognizer.cards.pay.paycardsrecognizer.sdk.ndk.RecognitionConstants.RECOGNIZER_MODE_GRAB_CARD_IMAGE}" />
    </annotation>
  </item>
  <item name="com.paytabs.paytabscardrecognizer.cards.pay.paycardsrecognizer.sdk.ndk.RecognitionCore int processFrameYV12(int, int, byte[])">
    <annotation name="androidx.annotation.IntDef">
      <val name="flag" val="true" />
      <val name="value" val="{com.paytabs.paytabscardrecognizer.cards.pay.paycardsrecognizer.sdk.ndk.RecognitionConstants.DETECTED_BORDER_TOP, com.paytabs.paytabscardrecognizer.cards.pay.paycardsrecognizer.sdk.ndk.RecognitionConstants.DETECTED_BORDER_BOTTOM, com.paytabs.paytabscardrecognizer.cards.pay.paycardsrecognizer.sdk.ndk.RecognitionConstants.DETECTED_BORDER_LEFT, com.paytabs.paytabscardrecognizer.cards.pay.paycardsrecognizer.sdk.ndk.RecognitionConstants.DETECTED_BORDER_RIGHT}" />
    </annotation>
  </item>
  <item name="com.paytabs.paytabscardrecognizer.cards.pay.paycardsrecognizer.sdk.ndk.RecognitionCore void setRecognitionMode(int) 0">
    <annotation name="androidx.annotation.IntDef">
      <val name="flag" val="true" />
      <val name="value" val="{com.paytabs.paytabscardrecognizer.cards.pay.paycardsrecognizer.sdk.ndk.RecognitionConstants.RECOGNIZER_MODE_NUMBER, com.paytabs.paytabscardrecognizer.cards.pay.paycardsrecognizer.sdk.ndk.RecognitionConstants.RECOGNIZER_MODE_DATE, com.paytabs.paytabscardrecognizer.cards.pay.paycardsrecognizer.sdk.ndk.RecognitionConstants.RECOGNIZER_MODE_NAME, com.paytabs.paytabscardrecognizer.cards.pay.paycardsrecognizer.sdk.ndk.RecognitionConstants.RECOGNIZER_MODE_GRAB_CARD_IMAGE}" />
    </annotation>
  </item>
  <item name="com.paytabs.paytabscardrecognizer.cards.pay.paycardsrecognizer.sdk.ndk.RecognitionCoreImpl int processFrameYV12(int, int, byte[])">
    <annotation name="androidx.annotation.IntDef">
      <val name="flag" val="true" />
      <val name="value" val="{com.paytabs.paytabscardrecognizer.cards.pay.paycardsrecognizer.sdk.ndk.RecognitionConstants.DETECTED_BORDER_TOP, com.paytabs.paytabscardrecognizer.cards.pay.paycardsrecognizer.sdk.ndk.RecognitionConstants.DETECTED_BORDER_BOTTOM, com.paytabs.paytabscardrecognizer.cards.pay.paycardsrecognizer.sdk.ndk.RecognitionConstants.DETECTED_BORDER_LEFT, com.paytabs.paytabscardrecognizer.cards.pay.paycardsrecognizer.sdk.ndk.RecognitionConstants.DETECTED_BORDER_RIGHT}" />
    </annotation>
  </item>
  <item name="com.paytabs.paytabscardrecognizer.cards.pay.paycardsrecognizer.sdk.ndk.RecognitionCoreImpl void setRecognitionMode(int) 0">
    <annotation name="androidx.annotation.IntDef">
      <val name="flag" val="true" />
      <val name="value" val="{com.paytabs.paytabscardrecognizer.cards.pay.paycardsrecognizer.sdk.ndk.RecognitionConstants.RECOGNIZER_MODE_NUMBER, com.paytabs.paytabscardrecognizer.cards.pay.paycardsrecognizer.sdk.ndk.RecognitionConstants.RECOGNIZER_MODE_DATE, com.paytabs.paytabscardrecognizer.cards.pay.paycardsrecognizer.sdk.ndk.RecognitionConstants.RECOGNIZER_MODE_NAME, com.paytabs.paytabscardrecognizer.cards.pay.paycardsrecognizer.sdk.ndk.RecognitionConstants.RECOGNIZER_MODE_GRAB_CARD_IMAGE}" />
    </annotation>
  </item>
  <item name="com.paytabs.paytabscardrecognizer.cards.pay.paycardsrecognizer.sdk.ndk.RecognitionCoreNdk int nativeProcessFrameYV12(int, int, int, byte[])">
    <annotation name="androidx.annotation.IntDef">
      <val name="flag" val="true" />
      <val name="value" val="{com.paytabs.paytabscardrecognizer.cards.pay.paycardsrecognizer.sdk.ndk.RecognitionConstants.DETECTED_BORDER_TOP, com.paytabs.paytabscardrecognizer.cards.pay.paycardsrecognizer.sdk.ndk.RecognitionConstants.DETECTED_BORDER_BOTTOM, com.paytabs.paytabscardrecognizer.cards.pay.paycardsrecognizer.sdk.ndk.RecognitionConstants.DETECTED_BORDER_LEFT, com.paytabs.paytabscardrecognizer.cards.pay.paycardsrecognizer.sdk.ndk.RecognitionConstants.DETECTED_BORDER_RIGHT}" />
    </annotation>
  </item>
  <item name="com.paytabs.paytabscardrecognizer.cards.pay.paycardsrecognizer.sdk.ndk.RecognitionCoreNdk int processFrameYV12(int, int, byte[])">
    <annotation name="androidx.annotation.IntDef">
      <val name="flag" val="true" />
      <val name="value" val="{com.paytabs.paytabscardrecognizer.cards.pay.paycardsrecognizer.sdk.ndk.RecognitionConstants.DETECTED_BORDER_TOP, com.paytabs.paytabscardrecognizer.cards.pay.paycardsrecognizer.sdk.ndk.RecognitionConstants.DETECTED_BORDER_BOTTOM, com.paytabs.paytabscardrecognizer.cards.pay.paycardsrecognizer.sdk.ndk.RecognitionConstants.DETECTED_BORDER_LEFT, com.paytabs.paytabscardrecognizer.cards.pay.paycardsrecognizer.sdk.ndk.RecognitionConstants.DETECTED_BORDER_RIGHT}" />
    </annotation>
  </item>
  <item name="com.paytabs.paytabscardrecognizer.cards.pay.paycardsrecognizer.sdk.ndk.RecognitionCoreNdk void nativeSetRecognitionMode(int) 0">
    <annotation name="androidx.annotation.IntDef">
      <val name="flag" val="true" />
      <val name="value" val="{com.paytabs.paytabscardrecognizer.cards.pay.paycardsrecognizer.sdk.ndk.RecognitionConstants.RECOGNIZER_MODE_NUMBER, com.paytabs.paytabscardrecognizer.cards.pay.paycardsrecognizer.sdk.ndk.RecognitionConstants.RECOGNIZER_MODE_DATE, com.paytabs.paytabscardrecognizer.cards.pay.paycardsrecognizer.sdk.ndk.RecognitionConstants.RECOGNIZER_MODE_NAME, com.paytabs.paytabscardrecognizer.cards.pay.paycardsrecognizer.sdk.ndk.RecognitionConstants.RECOGNIZER_MODE_GRAB_CARD_IMAGE}" />
    </annotation>
  </item>
  <item name="com.paytabs.paytabscardrecognizer.cards.pay.paycardsrecognizer.sdk.ndk.RecognitionCoreNdk void setRecognitionMode(int) 0">
    <annotation name="androidx.annotation.IntDef">
      <val name="flag" val="true" />
      <val name="value" val="{com.paytabs.paytabscardrecognizer.cards.pay.paycardsrecognizer.sdk.ndk.RecognitionConstants.RECOGNIZER_MODE_NUMBER, com.paytabs.paytabscardrecognizer.cards.pay.paycardsrecognizer.sdk.ndk.RecognitionConstants.RECOGNIZER_MODE_DATE, com.paytabs.paytabscardrecognizer.cards.pay.paycardsrecognizer.sdk.ndk.RecognitionConstants.RECOGNIZER_MODE_NAME, com.paytabs.paytabscardrecognizer.cards.pay.paycardsrecognizer.sdk.ndk.RecognitionConstants.RECOGNIZER_MODE_GRAB_CARD_IMAGE}" />
    </annotation>
  </item>
</root>

