<?xml version="1.0" encoding="UTF-8"?>
<root>
  <item name="com.paytabs.paytabscardrecognizer.cards.pay.paycardsrecognizer.sdk.ui.InitLibraryFragment.InteractionListener void onScanCardCanceled(int) 0">
    <annotation name="androidx.annotation.IntDef">
      <val name="value" val="{com.paytabs.paytabscardrecognizer.cards.pay.paycardsrecognizer.sdk.ScanCardIntent.BACK_PRESSED, com.paytabs.paytabscardrecognizer.cards.pay.paycardsrecognizer.sdk.ScanCardIntent.ADD_MANUALLY_PRESSED}" />
    </annotation>
  </item>
  <item name="com.paytabs.paytabscardrecognizer.cards.pay.paycardsrecognizer.sdk.ui.ScanCardActivity void onScanCardCanceled(int) 0">
    <annotation name="androidx.annotation.IntDef">
      <val name="value" val="{com.paytabs.paytabscardrecognizer.cards.pay.paycardsrecognizer.sdk.ScanCardIntent.BACK_PRESSED, com.paytabs.paytabscardrecognizer.cards.pay.paycardsrecognizer.sdk.ScanCardIntent.ADD_MANUALLY_PRESSED}" />
    </annotation>
  </item>
  <item name="com.paytabs.paytabscardrecognizer.cards.pay.paycardsrecognizer.sdk.ui.ScanCardFragment.InteractionListener void onScanCardCanceled(int) 0">
    <annotation name="androidx.annotation.IntDef">
      <val name="value" val="{com.paytabs.paytabscardrecognizer.cards.pay.paycardsrecognizer.sdk.ScanCardIntent.BACK_PRESSED, com.paytabs.paytabscardrecognizer.cards.pay.paycardsrecognizer.sdk.ScanCardIntent.ADD_MANUALLY_PRESSED}" />
    </annotation>
  </item>
</root>

